1951387;Sabrina Munoz;disability;land;utilities;
1951396;Maureen Hodges;illustrations;;;
1951405;Christopher Mcmahan;openings;;;
1951414;Anna Jackson;force;;;
1951423;Melanie Cooper;initiators;cloth;;
1951432;Janet Hernandez;multisystems;gang;prepositions;
1951441;Oscar Holzinger;washtub;;;
1951450;Charles Patel;males;clumps;;
1951459;Kristopher Miller;curves;deletions;withdrawals;
1951468;Timothy Vorhies;churns;seed;pushdowns;
1951477;Ruth Girard;smile;wait;adhesives;
1951486;Julie Vanmatre;grains;;;
1951495;Thomas Haines;results;;;
1951504;Delphine Curry;validation;absence;rowboat;
1951513;Russell Robert;meetings;swaps;;
1951522;Elizabeth Romo;bolts;masters;forty;
1951531;Bobby Stockton;bread;;analyses;
1951540;Brandon Jencks;corks;;;
1951549;Jose Gillis;ports;gyros;stars;
1951558;Carrie Giunta;tickets;;ladder;
1951567;Danielle Parks;being;hits;;
1951576;Esther Lewis;dispatches;kilogram;interactions;
1951585;Thomas Felton;examination;partition;pads;
1951594;Richard Bowen;much;directories;;
1951603;Michele Dodds;firings;tin;;
1951612;Barbara Reeve;flares;;boy;
1951621;Patricia Wright;switch;mask;;
1951630;Jean Pickett;tide;blood;wrenches;
1951639;Carmen Valenza;spoon;jack;;
1951648;Clark Orndorff;freezes;;insurance;
1951657;Brad Walshe;vol.;legs;hardcopies;
1951666;Julius Dillon;relays;;tank;
1951675;Elizabeth Garland;socket;standardization;capacity;
1951684;Craig Mercado;pops;;;
1951693;Kevin Hartry;spill;installation;footing;
1951702;Carmen Eshelman;summary;precedence;interfaces;
1951711;Rodney Cunningham;decoders;effort;mitt;
1951720;Herminia Perry;truth;;;
1951729;Harvey Mccrate;subjects;;apostrophes;
1951738;Emma Hunter;rug;disadvantages;detachment;
1951747;Sharon Lee;alcohols;;;
1951756;Edward Quintero;walls;accesses;replacement;
1951765;Gerald Turner;boats;;;
1951774;Russell Vance;presence;drift;;
1951783;Raymond Vasques;increment;fastener;jumper;
1951792;Rosie Mitchell;salts;disease;;
1951801;Tiffany Kane;dynamometer;;;
1951810;Tracy Sawyer;lip;;visitors;
1951819;Mary Dulin;keys;fillers;filler;
1951828;Katherine Huntley;screws;utilizations;saturday;
1951837;Chad Delbridge;pink;;manifests;
1951846;Ivan Nielsen;ram;encounter;;
1951855;Horace Hays;fountain;pens;;
1951864;Julio Gunderson;grams;;;
1951873;Jerry Pavlosky;fights;;;
1951882;Kenneth Barakat;fields;;meal;
1951891;Milan Simmons;bundles;prices;digit;
1951900;Carla Guinn;locations;;highlines;
1951909;Ricardo Riley;plastic;object;;
1951918;Katherine Twigg;spot;litre;candidate;
1951927;Leroy Mcallister;shield;materials;charges;
1951936;Francisco Marchetti;traps;;advance;
1951945;Gussie Zbinden;image;;;
1951954;Herbert Myers;words;drag;pedal;
1951963;Pedro Lea;multitasks;instance;blaze;
1951972;Charles Newman;manuals;ways;writers;
1951981;Sophia Rosenthal;biases;;;
1951990;Anne Green;aviation;sock;preservers;
1951999;Harry Ramsey;benches;;;
1952008;Marion Hobbs;convention;exposures;;
1952017;Patrick Massey;eighties;;;
1952026;Denise Nock;overalls;;;
1952035;David Hay;aid;;;
1952044;Jonathan Allen;drags;;;
1952053;Enoch Hockenberry;lap;;;
1952062;Ruth Cook;clicks;;rudder;
1952071;Jaclyn Jurgenson;depots;;;
1952080;Fannie Byrd;distributor;jellies;;
1952089;Joe Horal;algorithms;;sunrise;
1952098;Billie Hensley;pound;;rating;
1952107;Shannon Murr;illustrations;;labels;
1952116;Michael Edwards;acres;resistance;daytime;
1952125;Linda Demoss;tolerance;;;
1952134;Michelle Longacre;admission;;congress;
1952143;Dana Vasquez;ship;student;;
1952152;Virginia Snapp;recovery;basin;nines;
1952161;Milton Bellman;crusts;appearance;sewage;
1952170;Gretta Schneider;choices;;backs;
1952179;Lidia Boutin;reserve;;articles;
1952188;Georgia Harvey;oar;;;
1952197;Marion Ellis;documentations;;move;
1952206;Jennifer Sanfilippo;attesting;;passivation;
1952215;Janna Reed;sled;;;
1952224;James Laws;files;passengers;;
1952233;Samuel Finnemore;integers;;accordance;
1952242;Elizabeth Gonzalez;plots;runaways;aprons;
1952251;Thomas Harris;stitch;explanations;;
1952260;Michael Beamon;verses;;friends;
1952269;Shirley Gregory;eleven;;spear;
1952278;Bert Strickland;trucks;assembly;cause;
