1951380;Harry Eberly;decreases;defaults;1951381;
1951389;Kathy Diaz;verse;relations;1951390;
1951398;Thomas Meyer;loop;dope;1951399;
1951407;Richard Wallace;triggers;veterans;1951408;
1951416;Willie Shouse;interview;entrapment;1951417;
1951425;Jessica Dus;maps;forearms;1951426;
1951434;Barbara Boudreaux;halves;hush;1951435;
1951443;Evalyn Lewis;painters;clay;1951444;
1951452;Jeanna Gafford;women;drydocks;1951453;
1951461;Deborah Burley;bean;rifles;1951462;
1951470;Jenniffer Nelson;compounds;drums;1951471;
1951479;Sarah Owen;absence;clothes;1951480;
1951488;Raymond Potter;rainbow;hull;1951489;
1951497;Michele Webb;tugs;change;1951498;
1951506;Robert Robinson;receptacle;peak;1951507;
1951515;Viola Pumper;guide;plot;1951516;
1951524;Vincent Brimfield;line;sidewalks;1951525;
1951533;Orval Villanova;pastes;pupils;1951534;
1951542;Christina Sisk;cares;drafts;1951543;
1951551;Stephen Workman;room;comma;1951552;
1951560;Audrey Smith;serial;travels;1951561;
1951569;Mike Neuman;oscillator;injection;1951570;
1951578;Deborah King;dependents;departure;1951579;
1951587;Patrick Rossi;delays;reenlistment;1951588;
1951596;Julie Hopkins;wish;shot;1951597;
1951605;Tyson Anello;alloy;pushups;1951606;
1951614;Bonny Arroyo;interval;play;1951615;
1951623;Andrew Juarez;sleep;seat;1951624;
1951632;Timothy Downing;hems;dress;1951633;
1951641;Irene Stewart;navigators;gyros;1951642;
1951650;Adam Connors;alternatives;owners;1951651;
1951659;Wayne Keirnan;crystals;loops;1951660;
1951668;Christopher Rash;bean;touches;1951669;
1951677;Thomas Reynolds;codes;props;1951678;
1951686;James Roth;altimeter;warnings;1951687;
1951695;Rhonda Haris;circuitries;books;1951696;
1951704;Don Stickley;intents;glance;1951705;
1951713;Dewayne Baily;customer;stress;1951714;
1951722;Colin Kirsch;law;tomorrow;1951723;
1951731;Dennis Addy;definitions;errors;1951732;
1951740;Kendrick Trigg;lands;drafts;1951741;
1951749;Jose Anderson;rails;combatant;1951750;
1951758;Larry Baird;tips;cable;1951759;
1951767;Billie Forcier;sizes;shades;1951768;
1951776;Yolanda Grant;wayside;hitches;1951777;
1951785;Maria Ketcher;protection;lining;1951786;
1951794;Nancy Bahena;decoders;acceptances;1951795;
1951803;Nicholas Harris;drawers;canvases;1951804;
1951812;Eloise Leyrer;company;blaze;1951813;
1951821;Derrick Galvan;computation;mistake;1951822;
1951830;Patricia Paul;meridian;jacket;1951831;
1951839;Jesse Cook;trail;flush;1951840;
1951848;Stefan Perdomo;pink;walls;1951849;
1951857;Barbara Williams;servos;trigger;1951858;
1951866;Randy Adams;jets;humans;1951867;
1951875;Soledad Wilson;percents;semaphores;1951876;
1951884;Robert Hazelton;invention;endeavor;1951885;
1951893;Aurore Hardy;electrode;ratio;1951894;
1951902;Dorothy Goodwin;contention;garage;1951903;
1951911;Daniel Hernandez;buildings;rifles;1951912;
1951920;Timothy Sanchez;male;speaker;1951921;
1951929;Hector Mcinnis;paragraph;times;1951930;
1951938;Dusty Boyd;documentation;tar;1951939;
1951947;Timmy Abeyta;recipients;hints;1951948;
1951956;John Ruud;block;property;1951957;
1951965;William Pendry;brush;stakes;1951966;
1951974;Kimberly Tinker;emitters;bills;1951975;
1951983;William James;retractors;pink;1951984;
1951992;Aaron Kane;chest;spade;1951993;
1952001;Arlena Patterson;bears;tray;1952002;
1952010;Brad Crews;originals;churns;1952011;
1952019;Richard Schultz;million;trick;1952020;
1952028;Anna Turner;wayside;cell;1952029;
1952037;Harley Cummings;tapers;spool;1952038;
1952046;David Shinkle;officers;ordnance;1952047;
1952055;Mary Hilliard;searchlights;space;1952056;
1952064;Charles Ingram;rhythm;qualifications;1952065;
1952073;Jim Morin;fruit;crust;1952074;
1952082;Theresa Batts;series;discards;1952083;
1952091;Thomas Posner;glance;educator;1952092;
1952100;Ronnie Rowton;knife;rims;1952101;
1952109;Sharon Silas;dispatch;interrelation;1952110;
1952118;Javier Bucher;mugs;disassembly;1952119;
1952127;Gary Foret;relocation;telecommunications;1952128;
1952136;Paul Gallagher;slots;masks;1952137;
1952145;Victor Jones;commendation;noon;1952146;
1952154;Robert Dupuis;railroads;temperatures;1952155;
1952163;Matthew Beck;shipmates;specialty;1952164;
1952172;Margarita Miranda;menu;push;1952173;
1952181;Jason Morrison;semaphore;ratings;1952182;
1952190;Anne Karo;examples;baby;1952191;
1952199;Gary Desai;configuration;publication;1952200;
1952208;Dolores Sliger;completion;insurance;1952209;
1952217;Vickie Tripp;arch;objective;1952218;
1952226;Gregory Oconner;recapitulations;emitter;1952227;
1952235;Howard Krausmann;teller;diagnosis;1952236;
1952244;Edna Sullivan;explosion;economies;1952245;
1952253;Arnold Mangrum;classifications;saying;1952254;
1952262;Clare Bee;purchases;tug;1952263;
1952271;Bernice Heinecke;guess;extras;1952272;
