1951576;Wendy Matthews;1951571;specification;1988-03-20 00:00:00;results;pressures;
1951585;Sandra Longmore;1951580;yells;1985-04-21 00:00:00;minority;detents;
1951594;Cynthia Cummings;1951589;respects;2012-03-15 00:00:00;dolly;fears;
1951603;Zenaida Wilson;1951598;units;2012-04-22 00:00:00;eddies;intensity;
1951612;Edward Randall;1951607;acceptors;1984-08-02 00:00:00;fasteners;here;
1951621;Dwight Jenkins;1951616;companies;2003-05-24 00:00:00;reconfigurations;hems;
1951630;Ernest Redd;1951625;messes;1988-12-13 00:00:00;part;chiefs;
1951639;Lois Omara;1951634;discharges;1999-05-02 00:00:00;answers;staple;
1951648;Thomas Brown;1951643;axis;1980-06-15 00:00:00;intake;sexes;
1951657;Rena Vance;1951652;terminator;1977-01-01 00:00:00;particles;secret;
1951666;Bret Roberts;1951661;knob;1998-07-24 00:00:00;guideline;splash;
1951675;Lillie Schmidt;1951670;centimeters;1971-01-15 00:00:00;branch;grease;
1951684;Myrtle Ross;1951679;drunks;1984-04-20 00:00:00;tug;sand;
1951693;Irma Blanchard;1951688;diagram;1975-01-18 00:00:00;polishers;stencil;
1951702;Michael Bergeron;1951697;sorts;1990-01-06 00:00:00;body;teeth;
1951711;Roxie Fountain;1951706;seesaw;2018-06-15 00:00:00;lifeboat;addressee;
1951720;April Schultz;1951715;letterheads;1997-03-09 00:00:00;gravel;supermarkets;
1951729;Anne Swanson;1951724;parcel;2011-07-16 00:00:00;electrodes;alley;
1951738;Lisa Ferguson;1951733;slope;1976-11-09 00:00:00;scene;deviations;
1951747;Jeffrey Bingaman;1951742;rotations;1982-10-18 00:00:00;pond;pencil;
1951756;Linda Lin;1951751;drains;2014-06-20 00:00:00;regulation;pulse;
1951765;Jeffrey Hernandez;1951760;lines;2012-05-04 00:00:00;diaphragm;photo;
