1951380;Deanna Floyd;modem;1951381;1951382;1986-05-16 00:00:00;maximum;tires;structure;treatment;levers;lesson;majors;
1951389;Larry Kirk;pier;1951390;1951391;1986-12-03 00:00:00;visitor;mineral;;;;lot;bilge;
1951398;Dolores Hay;valleys;1951399;1951400;1987-04-17 00:00:00;symbol;pears;fighting;sidewalk;;abrasions;occasions;
1951407;Jeff Godfrey;accordance;1951408;1951409;2004-03-05 00:00:00;graphs;operands;instances;;trips;mops;gear;
1951416;Linda Coleman;convulsions;1951417;1951418;1990-10-15 00:00:00;art;violation;;eases;condensation;seesaw;loaf;
1951425;Mathew Krausz;overload;1951426;1951427;1975-03-04 00:00:00;effect;elbow;;;bushes;path;gulfs;
1951434;Elizabeth Meehan;fantail;1951435;1951436;2011-09-04 00:00:00;technology;exchanges;;;;dominion;preservers;
1951443;Minnie Siverling;radar;1951444;1951445;2005-12-06 00:00:00;manpower;grid;oil;;marble;crewmembers;furnace;
1951452;James Priem;compliances;1951453;1951454;1995-01-18 00:00:00;strobe;integers;ears;investment;sweeps;pick;poison;
1951461;Dale Montgomery;alternative;1951462;1951463;2006-03-21 00:00:00;puddle;signalmen;blueprint;thickness;ohms;handler;eases;
1951470;Lawrence Hatfield;varieties;1951471;1951472;1970-06-28 00:00:00;brakes;males;;grinder;expert;damping;overvoltage;
1951479;Theressa Smoot;bay;1951480;1951481;1980-08-12 00:00:00;boards;team;;coder;photographs;taxi;chimneys;
1951488;Mike Rines;errors;1951489;1951490;2007-03-15 00:00:00;shots;standardization;;music;majors;print;light;
1951497;Horace Becerra;documentation;1951498;1951499;1980-03-16 00:00:00;admiral;falls;;bean;;mercury;transfer;
1951506;Sylvia Hollander;procurements;1951507;1951508;1991-03-03 00:00:00;book;conspiracies;names;thirteens;regulation;capacitor;directory;
1951515;Flora Cain;railroads;1951516;1951517;2017-08-02 00:00:00;mints;administrators;ocean;;poll;receiver;equations;
1951524;Richard Williams;wind;1951525;1951526;1976-02-04 00:00:00;receiver;hammer;hospitals;margin;;click;rest;
1951533;Robert Hamilton;toothpicks;1951534;1951535;1990-11-18 00:00:00;calibration;needle;card;;;paygrade;couples;
1951542;Jerry Spoor;blurs;1951543;1951544;1997-11-23 00:00:00;yarn;detent;;funding;;detachments;passivation;
1951551;Ginger Bayerl;coil;1951552;1951553;1992-05-18 00:00:00;deletions;squadron;;;primitives;jumpers;spade;
